model_name,log_loss,roc_auc,brier_score,accuracy,precision,recall,f1,tn,fp,fn,tp,confusion_matrix,notes
logistic_regression,0.6570501011956981,0.6569060539769638,0.23254110532847527,0.5965367965367966,0.5910112359550562,0.8375796178343949,0.6930171277997365,163,364,102,526,"[[163, 364], [102, 526]]",Best log loss on test. Best ROC AUC on test. Best Brier score on test.
random_forest,0.6597555194860298,0.6450525145336541,0.2337728642201258,0.6043290043290044,0.6226685796269728,0.6910828025477707,0.6550943396226415,264,263,194,434,"[[264, 263], [194, 434]]",Best accuracy on test.
xgboost,0.6690269216013832,0.6411864417022202,0.23824557662010193,0.5800865800865801,0.5679012345679012,0.9522292993630573,0.711481261154075,72,455,30,598,"[[72, 455], [30, 598]]",Highest recall on test. Weakest overall probability quality on test.
